RouteNumber,year,first
210302,2006.0,48
210702,2006.0,48
250304,2006.0,37
250406,2006.0,36
350116,2006.0,60
350116,2006.0,60
350116,2006.0,60
350511,2006.0,71
350511,2006.0,71
350610,2006.0,71
350814,2006.0,60
360219,2006.0,90
360416,2006.0,90
360417,2006.0,89
360511,2006.0,95
360511,2006.0,95
440109,2006.0,104
440113,2006.0,92
440209,2006.0,104
440315,2006.0,97
440415,2006.0,93
440508,2006.0,120
440516,2006.0,92
460107,2006.0,54
460107,2006.0,54
460107,2006.0,54
460307,2006.0,47
460405,2006.0,68
460501,2006.0,88
460508,2006.0,48
460508,2006.0,48
460604,2006.0,69
460703,2006.0,69
460703,2006.0,69
460703,2006.0,69
460704,2006.0,69
460706,2006.0,55
470403,2006.0,88
470503,2006.0,82
500132,2006.0,99
500133,2006.0,99
500135,2006.0,99
500180,2006.0,96
500180,2006.0,96
500215,2006.0,101
500235,2006.0,100
500271,2006.0,103
500271,2006.0,103
500332,2006.0,100
500413,2006.0,102
500422,2006.0,100
500429,2006.0,99
500541,2006.0,97
500635,2006.0,99
500729,2006.0,99
500822,2006.0,101
500834,2006.0,99
501434,2006.0,99
520118,2006.0,58
580107,2006.0,91
580107,2006.0,91
580203,2006.0,104
580304,2006.0,102
580304,2006.0,102
580805,2006.0,91
590605,2006.0,69
591005,2006.0,70
591805,2006.0,70
591905,2006.0,69
592105,2006.0,69
592305,2006.0,70
610323,2006.0,72
610323,2006.0,72
610422,2006.0,72
610523,2006.0,71
610620,2006.0,87
610723,2006.0,71
610822,2006.0,72
610823,2006.0,72
610823,2006.0,72
610823,2006.0,72
610920,2006.0,86
610920,2006.0,86
611122,2006.0,73
630110,2006.0,61
630210,2006.0,60
630211,2006.0,67
630224,2006.0,46
630224,2006.0,46
630323,2006.0,43
630510,2006.0,60
630810,2006.0,59
630923,2006.0,43
720111,2006.0,72
720214,2006.0,72
800107,2006.0,48
800407,2006.0,47
800507,2006.0,48
820403,2006.0,56
880104,2006.0,65
880110,2006.0,61
880319,2006.0,67
880417,2006.0,68
880417,2006.0,68
880417,2006.0,68
880504,2006.0,69
881113,2006.0,48
881404,2006.0,69
881404,2006.0,69
881604,2006.0,67
900405,2006.0,90
210302,2007.0,71
210702,2007.0,71
250304,2007.0,39
250406,2007.0,37
350116,2007.0,71
350116,2007.0,71
350116,2007.0,71
350511,2007.0,80
350511,2007.0,80
350610,2007.0,79
350814,2007.0,69
360219,2007.0,80
360416,2007.0,81
360417,2007.0,80
360511,2007.0,84
360511,2007.0,84
440109,2007.0,115
440113,2007.0,111
440209,2007.0,116
440315,2007.0,113
440415,2007.0,113
440508,2007.0,129
440516,2007.0,113
460107,2007.0,71
460107,2007.0,71
460107,2007.0,71
460307,2007.0,70
460405,2007.0,73
460501,2007.0,84
460508,2007.0,70
460508,2007.0,70
460604,2007.0,73
460703,2007.0,73
460703,2007.0,73
460703,2007.0,73
460704,2007.0,74
460706,2007.0,72
470403,2007.0,103
470503,2007.0,87
500132,2007.0,86
500133,2007.0,86
500135,2007.0,85
500180,2007.0,84
500180,2007.0,84
500215,2007.0,106
500235,2007.0,85
500271,2007.0,110
500271,2007.0,110
500332,2007.0,87
500413,2007.0,107
500422,2007.0,88
500429,2007.0,85
500541,2007.0,85
500635,2007.0,85
500729,2007.0,86
500822,2007.0,104
500834,2007.0,85
501434,2007.0,85
520118,2007.0,59
580107,2007.0,110
580107,2007.0,110
580203,2007.0,113
580304,2007.0,113
580304,2007.0,113
580805,2007.0,109
590605,2007.0,74
591005,2007.0,82
591805,2007.0,82
591905,2007.0,74
592105,2007.0,74
592305,2007.0,82
610323,2007.0,89
610323,2007.0,89
610422,2007.0,87
610523,2007.0,86
610620,2007.0,108
610723,2007.0,86
610822,2007.0,87
610823,2007.0,86
610823,2007.0,86
610823,2007.0,86
610920,2007.0,106
610920,2007.0,106
611122,2007.0,93
630110,2007.0,68
630210,2007.0,66
630211,2007.0,70
630224,2007.0,52
630224,2007.0,52
630323,2007.0,51
630510,2007.0,66
630810,2007.0,60
630923,2007.0,52
720111,2007.0,83
720214,2007.0,82
800107,2007.0,53
800407,2007.0,52
800507,2007.0,53
820403,2007.0,59
880104,2007.0,73
880110,2007.0,70
880319,2007.0,71
880417,2007.0,69
880417,2007.0,69
880417,2007.0,69
880504,2007.0,74
881113,2007.0,61
881404,2007.0,73
881404,2007.0,73
881604,2007.0,73
900405,2007.0,84
210302,2008.0,38
210702,2008.0,38
250304,2008.0,36
250406,2008.0,35
350116,2008.0,62
350116,2008.0,62
350116,2008.0,62
350511,2008.0,81
350511,2008.0,81
350610,2008.0,81
350814,2008.0,62
360219,2008.0,95
360416,2008.0,97
360417,2008.0,96
360511,2008.0,107
360511,2008.0,107
440109,2008.0,113
440113,2008.0,110
440209,2008.0,113
440315,2008.0,110
440415,2008.0,109
440508,2008.0,114
440516,2008.0,109
460107,2008.0,40
460107,2008.0,40
460107,2008.0,40
460307,2008.0,38
460405,2008.0,49
460501,2008.0,92
460508,2008.0,38
460508,2008.0,38
460604,2008.0,63
460703,2008.0,63
460703,2008.0,63
460703,2008.0,63
460704,2008.0,64
460706,2008.0,47
470403,2008.0,102
470503,2008.0,97
500132,2008.0,110
500133,2008.0,111
500135,2008.0,111
500180,2008.0,107
500180,2008.0,107
500215,2008.0,115
500235,2008.0,111
500271,2008.0,121
500271,2008.0,121
500332,2008.0,111
500413,2008.0,111
500422,2008.0,112
500429,2008.0,111
500541,2008.0,110
500635,2008.0,111
500729,2008.0,111
500822,2008.0,113
500834,2008.0,110
501434,2008.0,110
520118,2008.0,62
580107,2008.0,107
580107,2008.0,107
580203,2008.0,111
580304,2008.0,110
580304,2008.0,110
580805,2008.0,108
590605,2008.0,64
591005,2008.0,68
591805,2008.0,68
591905,2008.0,64
592105,2008.0,64
592305,2008.0,74
610323,2008.0,98
610323,2008.0,98
610422,2008.0,99
610523,2008.0,86
610620,2008.0,102
610723,2008.0,86
610822,2008.0,99
610823,2008.0,92
610823,2008.0,92
610823,2008.0,92
610920,2008.0,102
610920,2008.0,102
611122,2008.0,101
630110,2008.0,53
630210,2008.0,49
630211,2008.0,62
630224,2008.0,36
630224,2008.0,36
630323,2008.0,36
630510,2008.0,48
630810,2008.0,43
630923,2008.0,36
720111,2008.0,92
720214,2008.0,78
800107,2008.0,38
800407,2008.0,37
800507,2008.0,38
820403,2008.0,39
880104,2008.0,49
880110,2008.0,48
880319,2008.0,51
880417,2008.0,57
880417,2008.0,57
880417,2008.0,57
880504,2008.0,49
881113,2008.0,38
881404,2008.0,63
881404,2008.0,63
881604,2008.0,48
900405,2008.0,92
210302,2009.0,43
210702,2009.0,43
250304,2009.0,41
250406,2009.0,41
350116,2009.0,56
350116,2009.0,56
350116,2009.0,56
350511,2009.0,66
350511,2009.0,66
350610,2009.0,65
350814,2009.0,43
360219,2009.0,75
360416,2009.0,76
360417,2009.0,76
360511,2009.0,81
360511,2009.0,81
440109,2009.0,114
440113,2009.0,107
440209,2009.0,115
440315,2009.0,109
440415,2009.0,108
440508,2009.0,118
440516,2009.0,110
460107,2009.0,44
460107,2009.0,44
460107,2009.0,44
460307,2009.0,43
460405,2009.0,59
460501,2009.0,68
460508,2009.0,43
460508,2009.0,43
460604,2009.0,66
460703,2009.0,65
460703,2009.0,65
460703,2009.0,65
460704,2009.0,66
460706,2009.0,50
470403,2009.0,87
470503,2009.0,87
500132,2009.0,104
500133,2009.0,104
500135,2009.0,102
500180,2009.0,99
500180,2009.0,99
500215,2009.0,108
500235,2009.0,103
500271,2009.0,110
500271,2009.0,110
500332,2009.0,105
500413,2009.0,106
500422,2009.0,105
500429,2009.0,104
500541,2009.0,83
500635,2009.0,103
500729,2009.0,105
500822,2009.0,107
500834,2009.0,102
501434,2009.0,103
520118,2009.0,41
580107,2009.0,95
580107,2009.0,95
580203,2009.0,114
580304,2009.0,108
580304,2009.0,108
580805,2009.0,97
590605,2009.0,67
591005,2009.0,68
591805,2009.0,68
591905,2009.0,67
592105,2009.0,67
592305,2009.0,69
610323,2009.0,86
610323,2009.0,86
610422,2009.0,86
610523,2009.0,76
610620,2009.0,88
610723,2009.0,76
610822,2009.0,86
610823,2009.0,78
610823,2009.0,78
610823,2009.0,78
610920,2009.0,88
610920,2009.0,88
611122,2009.0,87
630110,2009.0,59
630210,2009.0,58
630211,2009.0,66
630224,2009.0,42
630224,2009.0,42
630323,2009.0,41
630510,2009.0,57
630810,2009.0,46
630923,2009.0,42
720111,2009.0,68
720214,2009.0,68
800107,2009.0,41
800407,2009.0,41
800507,2009.0,41
820403,2009.0,41
880104,2009.0,58
880110,2009.0,45
880319,2009.0,59
880417,2009.0,58
880417,2009.0,58
880417,2009.0,58
880504,2009.0,65
881113,2009.0,43
881404,2009.0,66
881404,2009.0,66
881604,2009.0,50
900405,2009.0,69
210302,2010.0,71
210702,2010.0,71
250304,2010.0,37
250406,2010.0,36
350116,2010.0,71
350116,2010.0,71
350116,2010.0,71
350511,2010.0,75
350511,2010.0,75
350610,2010.0,75
350814,2010.0,70
360219,2010.0,77
360416,2010.0,90
360417,2010.0,88
360511,2010.0,83
360511,2010.0,83
440109,2010.0,93
440113,2010.0,89
440209,2010.0,93
440315,2010.0,91
440415,2010.0,89
440508,2010.0,110
440516,2010.0,90
460107,2010.0,71
460107,2010.0,71
460107,2010.0,71
460307,2010.0,70
460405,2010.0,72
460501,2010.0,83
460508,2010.0,70
460508,2010.0,70
460604,2010.0,73
460703,2010.0,72
460703,2010.0,72
460703,2010.0,72
460704,2010.0,74
460706,2010.0,72
470403,2010.0,79
470503,2010.0,78
500132,2010.0,91
500133,2010.0,90
500135,2010.0,90
500180,2010.0,83
500180,2010.0,83
500215,2010.0,90
500235,2010.0,90
500271,2010.0,94
500271,2010.0,94
500332,2010.0,91
500413,2010.0,93
500422,2010.0,89
500429,2010.0,88
500541,2010.0,89
500635,2010.0,89
500729,2010.0,89
500822,2010.0,89
500834,2010.0,89
501434,2010.0,89
520118,2010.0,69
580107,2010.0,88
580107,2010.0,88
580203,2010.0,93
580304,2010.0,93
580304,2010.0,93
580805,2010.0,84
590605,2010.0,73
591005,2010.0,74
591805,2010.0,75
591905,2010.0,73
592105,2010.0,73
592305,2010.0,74
610323,2010.0,78
610323,2010.0,78
610422,2010.0,79
610523,2010.0,76
610620,2010.0,80
610723,2010.0,76
610822,2010.0,79
610823,2010.0,77
610823,2010.0,77
610823,2010.0,77
610920,2010.0,80
610920,2010.0,80
611122,2010.0,79
630110,2010.0,80
630210,2010.0,79
630211,2010.0,89
630224,2010.0,55
630224,2010.0,55
630323,2010.0,54
630510,2010.0,78
630810,2010.0,73
630923,2010.0,54
720111,2010.0,78
720214,2010.0,76
800107,2010.0,62
800407,2010.0,58
800507,2010.0,63
820403,2010.0,69
880104,2010.0,72
880110,2010.0,73
880319,2010.0,75
880417,2010.0,77
880417,2010.0,77
880417,2010.0,77
880504,2010.0,74
881113,2010.0,70
881404,2010.0,74
881404,2010.0,74
881604,2010.0,72
900405,2010.0,91
210302,2011.0,50
210702,2011.0,50
250304,2011.0,36
250406,2011.0,35
350116,2011.0,52
350116,2011.0,52
350116,2011.0,52
350511,2011.0,71
350511,2011.0,71
350610,2011.0,75
350814,2011.0,51
360219,2011.0,79
360416,2011.0,81
360417,2011.0,79
360511,2011.0,95
360511,2011.0,95
440109,2011.0,117
440113,2011.0,108
440209,2011.0,118
440315,2011.0,108
440415,2011.0,104
440508,2011.0,126
440516,2011.0,107
460107,2011.0,51
460107,2011.0,51
460107,2011.0,51
460307,2011.0,50
460405,2011.0,58
460501,2011.0,82
460508,2011.0,49
460508,2011.0,49
460604,2011.0,60
460703,2011.0,59
460703,2011.0,59
460703,2011.0,59
460704,2011.0,61
460706,2011.0,52
470403,2011.0,95
470503,2011.0,78
500132,2011.0,101
500133,2011.0,101
500135,2011.0,100
500180,2011.0,99
500180,2011.0,99
500215,2011.0,114
500235,2011.0,101
500271,2011.0,115
500271,2011.0,115
500332,2011.0,102
500413,2011.0,114
500422,2011.0,102
500429,2011.0,100
500541,2011.0,100
500635,2011.0,100
500729,2011.0,100
500822,2011.0,113
500834,2011.0,100
501434,2011.0,100
520118,2011.0,50
580107,2011.0,102
580107,2011.0,102
580203,2011.0,115
580304,2011.0,112
580304,2011.0,112
580805,2011.0,101
590605,2011.0,65
591005,2011.0,70
591805,2011.0,69
591905,2011.0,64
592105,2011.0,64
592305,2011.0,69
610323,2011.0,91
610323,2011.0,91
610422,2011.0,81
610523,2011.0,76
610620,2011.0,99
610723,2011.0,76
610822,2011.0,92
610823,2011.0,77
610823,2011.0,77
610823,2011.0,77
610920,2011.0,96
610920,2011.0,96
611122,2011.0,92
630110,2011.0,56
630210,2011.0,53
630211,2011.0,59
630224,2011.0,43
630224,2011.0,43
630323,2011.0,43
630510,2011.0,54
630810,2011.0,51
630923,2011.0,40
720111,2011.0,80
720214,2011.0,73
800107,2011.0,48
800407,2011.0,46
800507,2011.0,48
820403,2011.0,49
880104,2011.0,52
880110,2011.0,53
880319,2011.0,58
880417,2011.0,55
880417,2011.0,55
880417,2011.0,55
880504,2011.0,56
881113,2011.0,49
881404,2011.0,58
881404,2011.0,58
881604,2011.0,50
900405,2011.0,93
210302,2012.0,53
210702,2012.0,53
250304,2012.0,35
250406,2012.0,35
350116,2012.0,59
350116,2012.0,59
350116,2012.0,59
350511,2012.0,68
350511,2012.0,68
350610,2012.0,68
350814,2012.0,54
360219,2012.0,73
360416,2012.0,73
360417,2012.0,73
360511,2012.0,74
360511,2012.0,74
440109,2012.0,82
440113,2012.0,80
440209,2012.0,82
440315,2012.0,81
440415,2012.0,81
440508,2012.0,106
440516,2012.0,82
460107,2012.0,53
460107,2012.0,53
460107,2012.0,53
460307,2012.0,49
460405,2012.0,54
460501,2012.0,75
460508,2012.0,51
460508,2012.0,51
460604,2012.0,56
460703,2012.0,55
460703,2012.0,55
460703,2012.0,55
460704,2012.0,58
460706,2012.0,54
470403,2012.0,75
470503,2012.0,73
500132,2012.0,77
500133,2012.0,76
500135,2012.0,76
500180,2012.0,75
500180,2012.0,75
500215,2012.0,78
500235,2012.0,76
500271,2012.0,78
500271,2012.0,78
500332,2012.0,77
500413,2012.0,78
500422,2012.0,77
500429,2012.0,76
500541,2012.0,75
500635,2012.0,75
500729,2012.0,76
500822,2012.0,78
500834,2012.0,76
501434,2012.0,76
520118,2012.0,53
580107,2012.0,78
580107,2012.0,78
580203,2012.0,81
580304,2012.0,80
580304,2012.0,80
580805,2012.0,78
590605,2012.0,61
591005,2012.0,68
591805,2012.0,68
591905,2012.0,62
592105,2012.0,61
592305,2012.0,67
610323,2012.0,73
610323,2012.0,73
610422,2012.0,73
610523,2012.0,71
610620,2012.0,76
610723,2012.0,71
610822,2012.0,73
610823,2012.0,72
610823,2012.0,72
610823,2012.0,72
610920,2012.0,75
610920,2012.0,75
611122,2012.0,74
630110,2012.0,55
630210,2012.0,54
630211,2012.0,60
630224,2012.0,37
630224,2012.0,37
630323,2012.0,36
630510,2012.0,55
630810,2012.0,48
630923,2012.0,37
720111,2012.0,74
720214,2012.0,71
800107,2012.0,37
800407,2012.0,36
800507,2012.0,37
820403,2012.0,46
880104,2012.0,54
880110,2012.0,55
880319,2012.0,58
880417,2012.0,54
880417,2012.0,54
880417,2012.0,54
880504,2012.0,55
881113,2012.0,48
881404,2012.0,55
881404,2012.0,55
881604,2012.0,54
900405,2012.0,75
210302,2013.0,65
210702,2013.0,66
250304,2013.0,38
250406,2013.0,37
350116,2013.0,74
350116,2013.0,74
350116,2013.0,74
350511,2013.0,97
350511,2013.0,97
350610,2013.0,97
350814,2013.0,75
360219,2013.0,99
360416,2013.0,98
360417,2013.0,98
360511,2013.0,107
360511,2013.0,107
440109,2013.0,115
440113,2013.0,107
440209,2013.0,115
440315,2013.0,109
440415,2013.0,108
440508,2013.0,121
440516,2013.0,110
460107,2013.0,69
460107,2013.0,69
460107,2013.0,69
460307,2013.0,66
460405,2013.0,71
460501,2013.0,101
460508,2013.0,58
460508,2013.0,58
460604,2013.0,78
460703,2013.0,74
460703,2013.0,74
460703,2013.0,74
460704,2013.0,75
460706,2013.0,71
470403,2013.0,99
470503,2013.0,98
500132,2013.0,119
500133,2013.0,119
500135,2013.0,119
500180,2013.0,118
500180,2013.0,118
500215,2013.0,126
500235,2013.0,119
500271,2013.0,127
500271,2013.0,127
500332,2013.0,120
500413,2013.0,126
500422,2013.0,120
500429,2013.0,119
500541,2013.0,118
500635,2013.0,119
500729,2013.0,119
500822,2013.0,125
500834,2013.0,119
501434,2013.0,119
520118,2013.0,68
580107,2013.0,105
580107,2013.0,105
580203,2013.0,115
580304,2013.0,109
580304,2013.0,109
580805,2013.0,100
590605,2013.0,88
591005,2013.0,90
591805,2013.0,91
591905,2013.0,88
592105,2013.0,88
592305,2013.0,90
610323,2013.0,99
610323,2013.0,99
610422,2013.0,99
610523,2013.0,95
610620,2013.0,101
610723,2013.0,95
610822,2013.0,99
610823,2013.0,98
610823,2013.0,98
610823,2013.0,98
610920,2013.0,101
610920,2013.0,101
611122,2013.0,100
630110,2013.0,76
630210,2013.0,76
630211,2013.0,96
630224,2013.0,42
630224,2013.0,42
630323,2013.0,42
630510,2013.0,76
630810,2013.0,67
630923,2013.0,42
720111,2013.0,99
720214,2013.0,97
800107,2013.0,43
800407,2013.0,42
800507,2013.0,43
820403,2013.0,50
880104,2013.0,75
880110,2013.0,76
880319,2013.0,96
880417,2013.0,75
880417,2013.0,75
880417,2013.0,75
880504,2013.0,91
881113,2013.0,60
881404,2013.0,90
881404,2013.0,90
881604,2013.0,75
900405,2013.0,101
210302,2014.0,61
210702,2014.0,61
250304,2014.0,35
250406,2014.0,35
350116,2014.0,70
350116,2014.0,70
350116,2014.0,70
350511,2014.0,90
350511,2014.0,90
350610,2014.0,91
350814,2014.0,70
360219,2014.0,98
360416,2014.0,97
360417,2014.0,93
360511,2014.0,101
360511,2014.0,101
440109,2014.0,113
440113,2014.0,105
440209,2014.0,115
440315,2014.0,111
440415,2014.0,109
440508,2014.0,129
440516,2014.0,111
460107,2014.0,69
460107,2014.0,69
460107,2014.0,69
460307,2014.0,61
460405,2014.0,71
460501,2014.0,99
460508,2014.0,54
460508,2014.0,54
460604,2014.0,79
460703,2014.0,74
460703,2014.0,74
460703,2014.0,74
460704,2014.0,79
460706,2014.0,70
470403,2014.0,101
470503,2014.0,98
500132,2014.0,101
500133,2014.0,102
500135,2014.0,109
500180,2014.0,102
500180,2014.0,102
500215,2014.0,122
500235,2014.0,110
500271,2014.0,122
500271,2014.0,122
500332,2014.0,102
500413,2014.0,110
500422,2014.0,111
500429,2014.0,109
500541,2014.0,102
500635,2014.0,109
500729,2014.0,109
500822,2014.0,111
500834,2014.0,102
501434,2014.0,102
520118,2014.0,70
580107,2014.0,103
580107,2014.0,103
580203,2014.0,112
580304,2014.0,111
580304,2014.0,111
580805,2014.0,103
590605,2014.0,80
591005,2014.0,90
591805,2014.0,90
591905,2014.0,80
592105,2014.0,79
592305,2014.0,89
610323,2014.0,99
610323,2014.0,99
610422,2014.0,98
610523,2014.0,93
610620,2014.0,103
610723,2014.0,93
610822,2014.0,98
610823,2014.0,95
610823,2014.0,95
610823,2014.0,95
610920,2014.0,102
610920,2014.0,102
611122,2014.0,100
630110,2014.0,55
630210,2014.0,53
630211,2014.0,61
630224,2014.0,45
630224,2014.0,45
630323,2014.0,41
630510,2014.0,55
630810,2014.0,52
630923,2014.0,41
720111,2014.0,93
720214,2014.0,92
800107,2014.0,40
800407,2014.0,41
800507,2014.0,41
820403,2014.0,53
880104,2014.0,70
880110,2014.0,69
880319,2014.0,70
880417,2014.0,68
880417,2014.0,68
880417,2014.0,68
880504,2014.0,70
881113,2014.0,53
881404,2014.0,71
881404,2014.0,71
881604,2014.0,68
900405,2014.0,94
210302,2015.0,73
210702,2015.0,74
250304,2015.0,39
250406,2015.0,38
350116,2015.0,73
350116,2015.0,73
350116,2015.0,73
350511,2015.0,79
350511,2015.0,79
350610,2015.0,80
350814,2015.0,73
360219,2015.0,76
360416,2015.0,74
360417,2015.0,74
360511,2015.0,78
360511,2015.0,78
440109,2015.0,114
440113,2015.0,107
440209,2015.0,117
440315,2015.0,109
440415,2015.0,108
440508,2015.0,124
440516,2015.0,109
460107,2015.0,76
460107,2015.0,76
460107,2015.0,76
460307,2015.0,74
460405,2015.0,81
460501,2015.0,95
460508,2015.0,72
460508,2015.0,72
460604,2015.0,86
460703,2015.0,85
460703,2015.0,85
460703,2015.0,85
460704,2015.0,86
460706,2015.0,76
470403,2015.0,104
470503,2015.0,103
500132,2015.0,75
500133,2015.0,89
500135,2015.0,90
500180,2015.0,78
500180,2015.0,78
500215,2015.0,101
500235,2015.0,91
500271,2015.0,102
500271,2015.0,102
500332,2015.0,79
500413,2015.0,91
500422,2015.0,91
500429,2015.0,90
500541,2015.0,90
500635,2015.0,91
500729,2015.0,91
500822,2015.0,92
500834,2015.0,78
501434,2015.0,88
520118,2015.0,70
580107,2015.0,107
580107,2015.0,107
580203,2015.0,117
580304,2015.0,117
580304,2015.0,117
580805,2015.0,105
590605,2015.0,92
591005,2015.0,94
591805,2015.0,94
591905,2015.0,92
592105,2015.0,92
592305,2015.0,94
610323,2015.0,103
610323,2015.0,103
610422,2015.0,102
610523,2015.0,98
610620,2015.0,105
610723,2015.0,100
610822,2015.0,103
610823,2015.0,102
610823,2015.0,102
610823,2015.0,102
610920,2015.0,105
610920,2015.0,105
611122,2015.0,104
630110,2015.0,68
630210,2015.0,67
630211,2015.0,70
630224,2015.0,43
630224,2015.0,43
630323,2015.0,42
630510,2015.0,67
630810,2015.0,63
630923,2015.0,43
720111,2015.0,96
720214,2015.0,93
800107,2015.0,43
800407,2015.0,42
800507,2015.0,43
820403,2015.0,70
880104,2015.0,75
880110,2015.0,71
880319,2015.0,72
880417,2015.0,73
880417,2015.0,73
880417,2015.0,73
880504,2015.0,74
881113,2015.0,70
881404,2015.0,75
881404,2015.0,75
881604,2015.0,73
900405,2015.0,95
